{
  "config": {
    "model": "pe_rope",
    "bs": 64,
    "hidden_size": 768,
    "num_heads": 12,
    "num_blocks": 12,
    "dropout": 0.1,
    "seq_length": 1024,
    "tokens_per_epoch": 50000000,
    "num_epochs": 85,
    "peak_lr": 0.0006,
    "accumulation_steps": 8,
    "weight_decay": 0.1,
    "grad_clip": 1.0,
    "warmup_fraction": 0.075,
    "min_lr_fraction": 0.1,
    "adam_beta1": 0.9,
    "adam_beta2": 0.95
  },
  "train_ppls": [
    5656.263478970637,
    727.3383260870246,
    389.1429382703136,
    257.94099217937213,
    180.16268303756547,
    147.09531479143828,
    119.00455554473923,
    89.01284659962708,
    76.08513254881153,
    67.92526536745675,
    59.9868830181421,
    55.71083247287891,
    54.73908885854125,
    52.22097506666633,
    49.50069266935797,
    46.445664148915995,
    44.21193550233219,
    43.71344169117787,
    41.696441162549434,
    42.43137542769515,
    41.632512960383266,
    38.849996538527186,
    38.68857718668124,
    35.333154658485334,
    39.06483062583229,
    38.026920338433406,
    36.804615057786734,
    35.8942387297517,
    34.12308404503766,
    36.21212835206333,
    35.76326492319584,
    36.228842003119105,
    35.11626715779754,
    33.271991491520126,
    32.88009902196964,
    33.279164868442486,
    33.90303132193488,
    31.444009091053736,
    33.072678445508046,
    32.07924136915471,
    32.973257879960755,
    31.368257081487958,
    32.43889712539528,
    30.714504827194247,
    31.636178761524295,
    30.719191682882585,
    31.30929603659506,
    29.872393752420066,
    29.975456719661615,
    28.21584566878478,
    29.683371596011447,
    29.752673825274307,
    29.328202071418684,
    29.51195015127159,
    29.638135744068254,
    30.27023004983518,
    28.027204398064754,
    28.093370396468067,
    29.78223158799146,
    29.93313026295706,
    28.00719635355429,
    27.133350848594475,
    27.05709933048318,
    28.445787026333374,
    28.978380835006245,
    27.16457876684869,
    28.998537541376297,
    29.200861951621143,
    28.06642435651593,
    27.88912306609356,
    27.796187053865737,
    26.888986239697843,
    28.6330450685025,
    26.546823186507616,
    25.847824538615967,
    27.62712572430327,
    28.292927028322126,
    27.934733605556787,
    27.13276226921288,
    27.320304014194395,
    27.33746592525824,
    27.568317455114915,
    27.709937642511154,
    27.436121173547274,
    26.17549832233127
  ],
  "eval_ppls": [
    1338.136782724619,
    531.9477766004704,
    330.77493696631177,
    235.56753501721727,
    172.17359402081252,
    137.25907955783097,
    108.77862374908997,
    86.92925565409438,
    73.78168071495722,
    65.25828224028656,
    59.34397445537587,
    55.40072695907364,
    52.665565698205505,
    49.56235395310352,
    47.265797497084755,
    45.972216638806074,
    44.90480737804421,
    43.622250872459475,
    42.41925390038187,
    41.58293835330843,
    40.46415542066113,
    40.44579919283972,
    39.170224415420485,
    38.98753046160106,
    37.98753139529223,
    38.249323364379464,
    36.94202891719199,
    36.24197331285199,
    36.0757273655762,
    32.99161896878486,
    33.04480548729926,
    32.76064036053908,
    32.789007872371876,
    32.56051683359835,
    32.5988599369569,
    32.32175946804983,
    32.15690182983157,
    32.215898262678365,
    32.17149506594329,
    32.001578538431986,
    31.25937587234768,
    31.258005648927593,
    30.93018346602603,
    30.770940553605996,
    28.414734186627815,
    28.874323594179945,
    28.916464815947283,
    26.93824940275046,
    27.417552721001787,
    27.647673698369594,
    28.137921408100755,
    27.86048482742655,
    27.845746267940314,
    27.77582843360724,
    27.7889597208902,
    27.745454493908596,
    27.713074866603325,
    27.64741097252891,
    27.588757625954056,
    27.46805060658111,
    27.373965110747594,
    27.342274188104653,
    27.415918556213633,
    25.902607670945507,
    26.1079357525884,
    26.19686412799067,
    26.32818574603186,
    26.225204236012214,
    26.249986857723165,
    26.292701756203883,
    26.16600299047431,
    26.227185484192464,
    26.16472859299639,
    26.108024675839054,
    26.210466590990002,
    26.127389589388578,
    26.117302813363445,
    26.156975712187634,
    26.183187570885792,
    25.350718968314894,
    25.491525556020978,
    25.54258376077089,
    25.483572885088655,
    25.490889146840903,
    25.64451804089211
  ],
  "tokens_per_sec": [
    122854.50018600092,
    121884.67157954435,
    121793.78186003133,
    121841.65921652703,
    122299.01175187858,
    122329.1358580775,
    122319.71870843867,
    122418.80079808559,
    122771.09036647102,
    122598.76089108932,
    122536.84134766737,
    122337.51186860177,
    122303.92558151993,
    122446.55322478301,
    122452.9254189102,
    122496.82027153493,
    122247.78177297533,
    122235.54908986906,
    122609.14381406497,
    122446.20899227684,
    122625.03783793506,
    122716.68193682942,
    122448.08028327374,
    122672.69427970203,
    122608.52026803786,
    122514.24563941715,
    123446.19848629228,
    122424.97146456367,
    122798.45583560308,
    122139.38465100291,
    122898.26853857911,
    123528.21248316792,
    122486.72597031386,
    123567.63690465192,
    122522.8153009289,
    123244.21881187438,
    122735.75658686442,
    122636.37702825076,
    123624.49888234568,
    123470.12681016586,
    122431.99013740092,
    122325.38566965633,
    122612.50976589951,
    122334.75210468803,
    122655.12074397385,
    122674.88123106258,
    123466.67889231716,
    123537.11701502115,
    122510.20649876335,
    123666.1783232262,
    123127.48455782884,
    123775.68955615438,
    123739.92868312412,
    123469.13049394551,
    123573.96395946926,
    123060.77797228051,
    123190.89560152327,
    123451.94207673072,
    123603.99067050753,
    123196.40727963943,
    123443.89082533417,
    123236.25256463088,
    123426.46236530326,
    123889.88599379857,
    122511.89952746307,
    123438.81600626279,
    123290.04772117862,
    123570.38011137005,
    123157.92930227188,
    123431.34414233884,
    123546.94095620298,
    123297.87141025579,
    123461.225019256,
    123598.39206566937,
    123299.04460288481,
    123509.56542983664,
    123821.66189857078,
    120804.54000174413,
    123708.66809951524,
    117140.17399458522,
    119211.31716973677,
    123867.93321099681,
    123785.32557631214,
    123550.60579662576,
    123416.85079078257
  ],
  "peak_memory_gb": 65.18400812149048,
  "best_eval_ppl": 25.350718968314894,
  "best_epoch": 79
}