{
  "config": {
    "model": "norm_pre_rms",
    "bs": 64,
    "hidden_size": 768,
    "num_heads": 12,
    "num_blocks": 12,
    "dropout": 0.1,
    "seq_length": 1024,
    "tokens_per_epoch": 50000000,
    "num_epochs": 85,
    "peak_lr": 0.0006,
    "accumulation_steps": 8,
    "weight_decay": 0.1,
    "grad_clip": 1.0,
    "warmup_fraction": 0.075,
    "min_lr_fraction": 0.1,
    "adam_beta1": 0.9,
    "adam_beta2": 0.95
  },
  "train_ppls": [
    7594.102757205052,
    2108.8030439111844,
    1838.1145679911283,
    1271.799619812638,
    989.4445258061171,
    738.2774417948663,
    618.5966871099747,
    513.9539863242096,
    465.5307462419716,
    408.090029256495,
    358.8211189927753,
    337.3811482058077,
    311.2851579519768,
    281.94684748505915,
    252.62155987003635,
    231.131299650099,
    203.93389516703647,
    180.32776539539756,
    163.8690865522347,
    153.26813342879905,
    139.3715632340342,
    126.73558895190529,
    114.75147682753848,
    103.83976271801134,
    106.11237180143812,
    96.5831288629537,
    89.64165216610742,
    88.43916367422803,
    79.20879537337127,
    79.53397729353854,
    77.28266168890711,
    75.25634210338833,
    72.1170358851655,
    67.85811467093656,
    65.8096602856954,
    63.99692441714837,
    64.39084018200573,
    60.19453298180175,
    59.755524012715654,
    56.80845593555293,
    58.15106511122258,
    55.94424897780889,
    56.68398556205472,
    52.8104578179896,
    53.06985651128156,
    51.52359133660658,
    51.22343833905213,
    49.548923737466446,
    50.06705456572302,
    47.66087992940805,
    47.43339234590375,
    47.39677986113552,
    46.973702870039254,
    46.660512660920254,
    46.353015326876644,
    48.043153591477854,
    43.82459866647741,
    44.067429082768555,
    46.648260639004945,
    46.08416020241703,
    43.539528934353,
    42.264551644386295,
    41.62825971946561,
    43.44765154896392,
    44.73263386414255,
    41.86186368112557,
    43.13228586753248,
    44.16296022108035,
    43.22457350457921,
    41.81413233043078,
    41.84420949383598,
    40.76325445595088,
    42.92480251668236,
    40.37837169749077,
    39.54365671129187,
    42.143484748729065,
    42.362300476740955,
    41.06399636768107,
    40.31574912823153,
    40.71308653282685,
    40.26410225940668,
    40.59506595182445,
    41.386187367082314,
    41.34819782626344,
    38.84391001765919
  ],
  "eval_ppls": [
    2256.5977629654967,
    2245.070745821244,
    1521.8945338702447,
    1194.1117365167047,
    880.0112388040112,
    712.3811708559092,
    588.9563646390478,
    529.630505284493,
    459.3553186482425,
    391.74533810364915,
    358.82188521924206,
    342.1892919764844,
    308.25179860831963,
    264.21478070009323,
    246.52313075278877,
    217.99739933098766,
    202.60356005123154,
    176.09638286654155,
    163.30658953342814,
    141.34088543017904,
    127.09222523001434,
    117.49462308818345,
    112.5836580542862,
    114.10380122731608,
    103.53819748420983,
    95.26104244203863,
    91.8015084252505,
    84.22826915943108,
    80.55650493505121,
    73.67537249639074,
    72.99880065957898,
    68.9749734873107,
    67.04297595704637,
    64.99701892431135,
    63.655468090261685,
    61.79096089229671,
    59.93129629360374,
    58.8526141480857,
    58.35138467181952,
    57.011549183270596,
    55.1365009667821,
    54.07456743896169,
    52.746079938454095,
    52.35862790790218,
    48.87050538512652,
    48.92344745102977,
    48.71760760762016,
    45.7406836753747,
    45.50858074926549,
    45.63409065911329,
    46.307229584249114,
    45.21969870441049,
    44.96901360611107,
    44.396288540977565,
    44.17810760407007,
    43.62276346439956,
    43.40891027826773,
    43.10521174283057,
    42.712036709192525,
    42.269706292077736,
    42.16257186070512,
    41.9933866732128,
    42.00103654064706,
    40.07228569928367,
    40.22924750885667,
    40.18549753599422,
    40.1528752658222,
    39.92461647989484,
    39.86317934182984,
    39.74840339313293,
    39.56934654852802,
    39.51089450299729,
    39.240344932605915,
    39.19464393284602,
    39.40689341409132,
    39.127547519727315,
    39.01546502854229,
    38.97013742792501,
    38.94491201076869,
    37.98281431980601,
    38.123985694416085,
    38.10606677739215,
    38.03125624331313,
    37.927125737468224,
    38.240598445093376
  ],
  "tokens_per_sec": [
    90186.22503838873,
    89596.26698547168,
    89353.33571985533,
    88979.74378572455,
    89214.20504288969,
    89302.13899331345,
    89855.881656169,
    89607.5684965436,
    89607.53786695172,
    88517.86372952098,
    88880.93733633432,
    89172.81087226671,
    89336.77500831374,
    89241.8326275377,
    89307.00195976836,
    88552.30364682441,
    89251.95669281813,
    89180.39756558971,
    89233.95195474214,
    89295.75964936388,
    89235.15825404806,
    89696.46558080598,
    89418.3776803014,
    89179.45040657437,
    89968.90790021645,
    89244.87534015345,
    89317.47586868764,
    88422.75862349496,
    89319.83756077914,
    89313.17524067109,
    88992.90393260625,
    89167.42113035754,
    89412.17274902851,
    89776.35904510591,
    88067.22863372965,
    89559.7019170352,
    89471.81300853143,
    89512.8242717486,
    89338.15765606778,
    89179.9935634529,
    89125.10815387226,
    89316.41915418694,
    89452.81317721399,
    89642.25182721726,
    89464.281852805,
    89242.76168215169,
    89702.70484808287,
    89332.28324170652,
    89307.16900906863,
    89471.7397048281,
    89695.70535631668,
    89747.67798912886,
    89643.59058003232,
    89268.10490961175,
    89186.96972118544,
    89193.02584444844,
    89374.45891131039,
    89307.63707029534,
    89525.9863133556,
    89477.56107313422,
    89364.36594344689,
    89238.30422895792,
    88990.12534094421,
    89915.76572852417,
    89280.98097329683,
    89996.74410441342,
    89670.99724222669,
    89816.23298221086,
    89107.75896094185,
    89476.25452745707,
    89368.74410396966,
    89183.61680362871,
    89099.43041499374,
    89358.97547575942,
    89338.54948898571,
    89957.49710002929,
    89354.73550011122,
    89060.43828463342,
    89181.17087537725,
    89212.09922094518,
    88842.21624190893,
    89899.28617277007,
    89911.92532328055,
    89300.77093801012,
    89330.54657482069
  ],
  "peak_memory_gb": 69.86632776260376,
  "best_eval_ppl": 37.927125737468224,
  "best_epoch": 83
}