{
  "config": {
    "model": "pe_learned",
    "bs": 64,
    "hidden_size": 768,
    "num_heads": 12,
    "num_blocks": 12,
    "dropout": 0.1,
    "seq_length": 1024,
    "tokens_per_epoch": 50000000,
    "num_epochs": 85,
    "peak_lr": 0.0006,
    "accumulation_steps": 8,
    "weight_decay": 0.1,
    "grad_clip": 1.0,
    "warmup_fraction": 0.075,
    "min_lr_fraction": 0.1,
    "adam_beta1": 0.9,
    "adam_beta2": 0.95
  },
  "train_ppls": [
    7136.168735032935,
    2110.57246848295,
    2124.0147516607,
    2135.4934591192364,
    2107.59541133636,
    2160.3155668227078,
    2133.6187034709014,
    2119.0753064234254,
    2142.6319296686006,
    2148.694679548838,
    2097.9559593440918,
    2112.176833479427,
    2122.4231431742273,
    2136.973339880066,
    2127.9542433587776,
    2118.313871353347,
    2124.718422324156,
    2104.354017604233,
    2106.4475754723117,
    2133.0177116935683,
    2144.65447144762,
    2132.117931676592,
    2102.658399560554,
    2103.6181747159317,
    2118.397332741263,
    2115.1932737515917,
    2088.2424945254434,
    2116.9972866800704,
    2085.521366581015,
    2097.463060631725,
    2140.85288403355,
    2120.027759117149,
    2121.5480861137307,
    2136.791000907839,
    2119.1173825636833,
    2104.5775358803744,
    2126.4191394787385,
    2123.4710716641566,
    2111.2623187294425,
    2083.609631460493,
    2118.223203728894,
    2117.232650357775,
    2110.900810025308,
    2101.954696499886,
    2093.069722009472,
    2108.8527614383775,
    2084.1428864831814,
    2091.074934386323,
    2116.422533842999,
    2114.373373806,
    2079.977074996347,
    2085.0545996300857,
    2105.712602830277,
    2097.70420736672,
    2080.8786189847206,
    2111.296267678269,
    2077.1298095311463,
    2095.8842280033173,
    2123.5355808434715,
    2112.9330571821556,
    2105.0862055019566,
    2096.5502695772198,
    2073.226982013893,
    2092.299209454397,
    2105.7174558989336,
    2102.5569631329467,
    2090.644187413214,
    2131.84718295019,
    2105.543840800414,
    2077.8763160249255,
    2095.5259792798015,
    2095.8813255615005,
    2115.2585427396684,
    2105.097957176534,
    2102.5307581363677,
    2110.33745297473,
    2128.891889439816,
    2091.074602018941,
    2079.443588499428,
    2086.312604861428,
    2092.2680103957873,
    2080.338540577929,
    2128.42218965135,
    2111.081639865449,
    2072.3785677749784
  ],
  "eval_ppls": [
    2250.4233590200965,
    2239.986432356481,
    2210.8081986105117,
    2223.027287794356,
    2247.793537915813,
    2206.532004581761,
    2221.8375044402824,
    2201.7497322932923,
    2213.8789417182,
    2181.1230050446684,
    2218.9457145147694,
    2196.6794284782986,
    2201.223807197545,
    2176.535314932868,
    2193.733110081405,
    2198.813089286685,
    2188.2793520221053,
    2182.7606432654557,
    2184.6120083809783,
    2165.7710194822853,
    2169.496733791867,
    2166.3386473139067,
    2209.2483891844386,
    2206.750262684955,
    2202.573289094734,
    2198.7985604559526,
    2206.182415720289,
    2199.0931999438926,
    2208.853380105681,
    2202.9048989152743,
    2163.1552450717527,
    2172.025185810547,
    2168.0065361414213,
    2174.1571149518363,
    2165.6136091536673,
    2168.731193578336,
    2156.8668197419315,
    2168.3989673117217,
    2187.09878003274,
    2192.225667461215,
    2167.4941341772346,
    2169.338313802384,
    2171.2161570954945,
    2161.639216845347,
    2185.379730413963,
    2187.070473202534,
    2168.7063745614896,
    2182.2673496797147,
    2167.512442708299,
    2166.2903924256466,
    2182.6610240636387,
    2171.8121374975235,
    2180.638994193791,
    2190.090193526614,
    2181.4175049623022,
    2174.926496476403,
    2177.720272344617,
    2188.0293847963594,
    2166.8525473782797,
    2170.6636641729597,
    2171.7486708945626,
    2181.390609021363,
    2179.9774784939814,
    2173.084079565311,
    2166.5121967136183,
    2171.5560633296277,
    2176.1731344029604,
    2157.4099225088926,
    2165.0545777919046,
    2172.1318657689435,
    2175.0348005583005,
    2171.2708816595095,
    2157.7475203772024,
    2173.968588388978,
    2179.212693396825,
    2167.4458535506674,
    2163.0575520683697,
    2174.838197823295,
    2175.329960258908,
    2164.1420001211322,
    2180.746394326217,
    2174.8127163282143,
    2164.896334703624,
    2164.636947243398,
    2173.2202710696974
  ],
  "tokens_per_sec": [
    104400.9093976955,
    103024.96308120439,
    101270.45461295896,
    103163.88706738908,
    104336.30517200512,
    104297.10751872728,
    103522.45878931461,
    104184.80217772929,
    103403.9569610204,
    104488.97182730724,
    103240.0360507876,
    104579.36821037029,
    104337.45160058427,
    104329.82674920942,
    103526.81553267792,
    104010.05813551693,
    104279.155656045,
    104263.02928865844,
    104312.02253286279,
    104300.78518143723,
    103813.74990452277,
    104279.5840157163,
    104344.73812821177,
    104326.7859752387,
    104425.24958202074,
    103949.21328708816,
    104323.56055610374,
    105010.13284822956,
    104455.55225224516,
    104185.48058358373,
    104330.26737370307,
    103709.7647060885,
    104405.8322430064,
    105025.84268667908,
    104865.18711061552,
    105027.24915017704,
    104460.21549804775,
    104141.03339041202,
    104377.05346120146,
    104684.35981529379,
    104938.26431504141,
    104972.83674043583,
    104573.20148505922,
    104439.04930284292,
    105081.51419057563,
    104946.36016227468,
    104435.95237790978,
    105007.18205505272,
    104990.27211452204,
    104831.54909838599,
    104912.05782180869,
    104962.04813621556,
    104980.85252586378,
    104882.40675967683,
    104898.04273152947,
    104930.66930759136,
    104921.17999793937,
    104968.0247215117,
    105028.55232302172,
    104917.88466515375,
    104888.61357957782,
    104805.31951761515,
    104770.45259365372,
    104974.53940186216,
    104974.28723992353,
    105011.27802238957,
    104096.16020553454,
    104998.206927033,
    104755.8176334731,
    104943.83348365864,
    104802.9401613119,
    104925.76312608756,
    104832.68859686478,
    105020.43252174633,
    105012.6044382068,
    104189.39893763982,
    104831.1551749383,
    103194.37118571738,
    104767.93872761248,
    104876.56773492288,
    104852.3710219235,
    104936.08016398638,
    105047.85560175544,
    104901.93795251945,
    104803.0254791875
  ],
  "peak_memory_gb": 65.19134092330933,
  "best_eval_ppl": 2156.8668197419315,
  "best_epoch": 36
}