{
  "config": {
    "model": "baseline",
    "bs": 64,
    "hidden_size": 768,
    "num_heads": 12,
    "num_blocks": 12,
    "dropout": 0.1,
    "seq_length": 1024,
    "tokens_per_epoch": 50000000,
    "num_epochs": 85,
    "peak_lr": 0.0006,
    "accumulation_steps": 8,
    "weight_decay": 0.1,
    "grad_clip": 1.0,
    "warmup_fraction": 0.075,
    "min_lr_fraction": 0.1,
    "adam_beta1": 0.9,
    "adam_beta2": 0.95
  },
  "train_ppls": [
    7616.370844549075,
    2107.8304301302387,
    1744.5998387108527,
    1199.672511617627,
    994.8762711186702,
    872.6349564039556,
    691.3826512185701,
    556.0332724145084,
    491.98993018279,
    443.5233109973905,
    387.0056897753741,
    349.4658880139313,
    336.8186076980446,
    301.8584555505859,
    283.11195748788515,
    261.89275753013067,
    232.80058357780638,
    204.62794143419617,
    185.85775749809108,
    173.25208076562254,
    156.0081146475286,
    140.18902910400675,
    126.2581812940976,
    112.1156130994728,
    113.61260774681753,
    102.66230431802622,
    95.17452754544854,
    93.04578536708067,
    83.7339146350531,
    83.48425631529312,
    81.30337519031916,
    78.51661075695888,
    75.29560829544654,
    71.0684615274082,
    68.65853614377484,
    66.2176727357144,
    66.6808061182792,
    62.27824481794932,
    61.577923034181914,
    58.621578261904794,
    59.89785291214696,
    57.51737293018971,
    58.155170906741034,
    54.12133154199991,
    54.288615945080586,
    52.62665060760795,
    52.22536034199303,
    50.5267856228544,
    51.03029330490997,
    48.565289061900025,
    48.21110622976077,
    48.12318845823147,
    47.669552003175944,
    47.31695641949635,
    46.98902377102525,
    48.688108997578944,
    44.37049667344768,
    44.60812464470527,
    47.2248291947138,
    46.60852170933961,
    44.00569769332324,
    42.704160094650184,
    42.045147746866206,
    43.84804001566071,
    45.15973182586312,
    42.240756705748176,
    43.4614087570411,
    44.54208959746359,
    43.59368162965631,
    42.13362627753632,
    42.15861806520724,
    41.05744600731608,
    43.23013279550378,
    40.67242771855254,
    39.84181131660474,
    42.44417040306821,
    42.639577865848445,
    41.27311863913066,
    40.56008547361337,
    40.95853784364566,
    40.45727099748947,
    40.80240917098722,
    41.633328278239766,
    41.60121362813158,
    39.048218311875466
  ],
  "eval_ppls": [
    2266.4553720934287,
    2219.751207492893,
    1484.500997053857,
    1065.991264090216,
    1036.136599022935,
    808.7750975380327,
    636.1391702679387,
    597.1556825966373,
    486.38575604083934,
    420.6854378814353,
    381.50226842157525,
    341.34895842213916,
    312.15224594093525,
    311.4973320141528,
    268.96353528137803,
    247.73528506899706,
    225.19598565668275,
    203.02763330267476,
    182.19166837518952,
    161.03159660372157,
    148.53568029990893,
    137.83753803215447,
    121.80753414587237,
    114.06406630875854,
    105.69228085922393,
    103.02026392815475,
    93.49159742439605,
    88.71152788139747,
    86.19686190295282,
    77.89209509532527,
    74.84516501705455,
    72.54861341369721,
    70.56845855018604,
    67.87494953088559,
    66.40453544611637,
    64.43754219402396,
    61.728427376422076,
    61.027732833879796,
    61.05361263531727,
    59.07212727312536,
    56.84767378081732,
    55.1833961094916,
    54.163636823938816,
    53.34245592682265,
    49.89094352934132,
    49.728621492703475,
    49.60961242815561,
    46.751689958298165,
    46.626539579790816,
    46.46616795618694,
    46.91974568266005,
    45.90887655283618,
    45.672615948046875,
    44.96132698467798,
    44.618823371047924,
    44.14574740230968,
    44.07124104653236,
    43.712869556204275,
    43.362225191976606,
    42.74991225275578,
    42.9056390877924,
    42.43355251841867,
    42.38903385948183,
    40.52707505794436,
    40.62350170973764,
    40.63293361447393,
    40.60132682014225,
    40.22964897946115,
    40.234451865080814,
    40.099731387267674,
    39.887124700111485,
    39.936605131020826,
    39.62056352526327,
    39.512030318013906,
    39.74754101752293,
    39.40462383482328,
    39.322408639263124,
    39.27502819643781,
    39.23456758983986,
    38.321552888523826,
    38.34853223111111,
    38.40797642511798,
    38.2734373109649,
    38.22796529972461,
    38.59081200213887
  ],
  "tokens_per_sec": [
    139322.4446420612,
    136156.51836498105,
    133337.19156425228,
    132854.90617007422,
    132890.63105987012,
    132719.9780436992,
    132667.0353790278,
    133010.8197514813,
    132892.3805751485,
    133260.3716551935,
    132666.38196966224,
    133021.6224092003,
    132921.02386511434,
    132794.1351093582,
    132864.1552622396,
    132811.12313250126,
    133133.76540499463,
    132911.92895502798,
    133124.3863453189,
    132548.66317178757,
    133161.049892968,
    132943.48066471287,
    133153.2407166685,
    133218.78727667607,
    131751.87472222233,
    132834.62480242585,
    133100.05288292325,
    133054.46630548156,
    133289.75830644032,
    133101.627843867,
    133293.1221018352,
    133354.86024823043,
    132702.3735205134,
    133396.7260527007,
    133171.15625949795,
    130527.09247635817,
    133374.43792659548,
    133618.84564803058,
    133434.12945342253,
    134204.8926000963,
    133281.74990462876,
    133343.01334579888,
    133941.8032985332,
    134484.36938055244,
    132715.63140742283,
    132567.6198843192,
    132872.58482138682,
    133309.71886975406,
    133172.29422347463,
    132979.2882489764,
    132458.09286806989,
    134197.03015883488,
    133144.12661236664,
    132788.53533157197,
    133399.74130451828,
    132494.71378936872,
    132739.74693942425,
    133018.34596502405,
    133432.34804967383,
    131968.91012349306,
    132923.38262654984,
    132846.4741354223,
    133234.7294001686,
    133221.9569241836,
    133144.45457321138,
    134220.2395722887,
    134459.92924469642,
    134566.42570294673,
    132960.54304648368,
    134335.5719612463,
    133154.7711418148,
    132324.17436935462,
    133910.602921495,
    132916.25134712073,
    132655.31338975966,
    133952.41573612133,
    132510.8355029369,
    132456.27536172897,
    132942.31800349674,
    132940.17988725274,
    132474.94993941783,
    134351.22934100742,
    134094.69031988044,
    132919.66151881884,
    132795.03006018634
  ],
  "peak_memory_gb": 65.18522882461548,
  "best_eval_ppl": 38.22796529972461,
  "best_epoch": 83
}