{
  "config": {
    "model": "pe_alibi",
    "bs": 64,
    "hidden_size": 768,
    "num_heads": 12,
    "num_blocks": 12,
    "dropout": 0.1,
    "seq_length": 1024,
    "tokens_per_epoch": 50000000,
    "num_epochs": 85,
    "peak_lr": 0.0006,
    "accumulation_steps": 8,
    "weight_decay": 0.1,
    "grad_clip": 1.0,
    "warmup_fraction": 0.075,
    "min_lr_fraction": 0.1,
    "adam_beta1": 0.9,
    "adam_beta2": 0.95
  },
  "train_ppls": [
    5776.620164099133,
    706.9942303027638,
    370.29305019204776,
    246.60800512152517,
    174.06684503168273,
    141.7707556809606,
    115.4046441547178,
    87.30287589304464,
    74.80391961847523,
    66.81220506317526,
    59.14931867369686,
    54.92291435476729,
    53.83671158800925,
    51.511639037782544,
    48.7525156274419,
    45.67902926753239,
    43.48471994963975,
    43.08535661842813,
    41.055617599844425,
    41.87083126963593,
    41.01873062209796,
    38.28867821914134,
    38.112812966033225,
    34.84531232834576,
    38.61242489490941,
    37.614009540781566,
    36.40365785315196,
    35.49908299997003,
    33.76137506462529,
    35.881943795839675,
    35.39684773401125,
    35.903472616928184,
    34.8011310220082,
    32.95849088814693,
    32.583761909628535,
    33.0099556569389,
    33.62796310673682,
    31.167669379299024,
    32.85575412401107,
    31.846503913549693,
    32.78265923813651,
    31.160087883510702,
    32.24438306376802,
    30.510863440069183,
    31.453303274628368,
    30.53327854043756,
    31.140004939110785,
    29.715397636971964,
    29.79520504085202,
    28.05662886281437,
    29.535835281659256,
    29.609026727632614,
    29.212209566313874,
    29.375792065531638,
    29.497058474085645,
    30.140022370777647,
    27.909435657312837,
    27.98323061333922,
    29.646229671044853,
    29.83297948534149,
    27.92195568282222,
    27.044290033256324,
    26.96431556171094,
    28.36476488123256,
    28.880291834455253,
    27.102053891257995,
    28.908681211198356,
    29.107850505579027,
    27.99073074770354,
    27.7963383215047,
    27.7119580675827,
    26.816593496183764,
    28.573213758439174,
    26.491438918923546,
    25.803012854630566,
    27.563713266100866,
    28.230871677236447,
    27.88344466611944,
    27.063075747445772,
    27.266569099951553,
    27.29640317563157,
    27.51212447759741,
    27.660446863026998,
    27.370948086603292,
    26.119015040834704
  ],
  "eval_ppls": [
    1300.747730693574,
    499.98247246279016,
    312.92063902151716,
    225.1522241499709,
    166.95187840550605,
    133.42623270263272,
    101.67688732489084,
    85.12743405327527,
    72.9785846698886,
    68.46602502703286,
    58.47734900549599,
    53.94009793003071,
    51.68261678919654,
    49.412624725103896,
    47.02682377983727,
    45.09425798329335,
    44.03557234894331,
    43.060299343964346,
    42.22094740274464,
    40.849809189455975,
    40.10634917959242,
    39.47432230368187,
    39.10800603748036,
    38.5458097104796,
    37.51788603072239,
    37.58028808098062,
    36.63147724334469,
    35.95839528851179,
    35.760840201538876,
    32.50976512639896,
    32.51603069771449,
    32.55706246753883,
    32.59646841575493,
    32.27200533543385,
    32.38578459407543,
    32.15352204266088,
    31.928183778311027,
    31.908024148890334,
    31.962209177989823,
    31.650491299909504,
    31.093927291665786,
    31.01416870327974,
    30.69189755481831,
    30.684363526226026,
    28.32800000028808,
    28.708630607646754,
    28.79117845235815,
    26.771721397840512,
    27.24679032138339,
    27.5996354813495,
    27.89462993454762,
    27.766410319592797,
    27.746352262753717,
    27.702198534290606,
    27.69163960173508,
    27.59149125408845,
    27.58495411418512,
    27.546443992765212,
    27.484161865748927,
    27.32029847867614,
    27.262369735892936,
    27.257933481252007,
    27.285252325086844,
    25.799446282948875,
    26.034565441324684,
    26.116037014342403,
    26.273583897676016,
    26.17443340063986,
    26.145980738240077,
    26.239003727508134,
    26.07270065246162,
    26.150169221218306,
    26.08150430063688,
    26.039724072464008,
    26.13097165660037,
    26.050276864377373,
    26.039327627732742,
    26.078364240500388,
    26.101059345820747,
    25.308910299487238,
    25.436822074572493,
    25.488505141283884,
    25.433265862034187,
    25.441124846750608,
    25.626219741816378
  ],
  "tokens_per_sec": [
    99001.85779320051,
    96458.32671373662,
    96209.28151236678,
    96755.6377848195,
    96811.58148268839,
    97006.44822417895,
    96844.05704410664,
    96901.30699325501,
    95956.64363110882,
    97003.69742842774,
    96880.61288910986,
    96929.92333475547,
    96821.17005769763,
    97059.4005007839,
    96929.72238011217,
    96883.99068139013,
    96868.90319273062,
    96877.7036603966,
    96892.66637325055,
    96881.02021747844,
    97001.77133530876,
    96994.8331824171,
    96893.16698788702,
    96935.6497259876,
    96849.56617818329,
    96976.30778189268,
    97661.68697774521,
    96855.41228907135,
    96958.96339997456,
    96900.68382156813,
    96839.88695475143,
    97297.7512196763,
    97499.66959851528,
    97722.14328398451,
    96832.67616921748,
    97542.88755687079,
    96494.38285755077,
    97120.98690083294,
    96921.90764016942,
    97517.36520916187,
    96524.27914359266,
    96857.57568887976,
    96919.81953333272,
    96733.38842881081,
    97068.07565378552,
    96576.52210368481,
    97396.60795199082,
    97647.0691009301,
    96737.35732461454,
    97538.431053195,
    97514.28250710569,
    97621.30662491517,
    75676.1094892975,
    97548.19686530162,
    97574.12667036972,
    97526.94793163767,
    97591.61814798802,
    97601.09726887218,
    97338.444830089,
    97563.79587586474,
    97566.01821433312,
    97395.58474806679,
    97260.03393147793,
    97643.93258282154,
    96830.6415041207,
    97648.31401348163,
    97023.18988554804,
    97700.55172959028,
    97518.38248322785,
    97348.7864093637,
    96724.98900028373,
    96982.60127635582,
    96944.43540443806,
    97647.77347162085,
    97311.28141363553,
    97567.85320481415,
    97644.76750523613,
    97423.93018815362,
    97601.36418811922,
    97572.17135843392,
    96719.88821337349,
    97670.00567807251,
    97689.0794755103,
    97530.9030120935,
    97203.44499649586
  ],
  "peak_memory_gb": 65.47379732131958,
  "best_eval_ppl": 25.308910299487238,
  "best_epoch": 79
}