{
  "config": {
    "model": "pe_learned",
    "bs": 64,
    "hidden_size": 768,
    "num_heads": 12,
    "num_blocks": 12,
    "dropout": 0.1,
    "seq_length": 1024,
    "tokens_per_epoch": 50000000,
    "num_epochs": 85,
    "peak_lr": 0.0006,
    "accumulation_steps": 8,
    "weight_decay": 0.1,
    "grad_clip": 1.0,
    "warmup_fraction": 0.075,
    "min_lr_fraction": 0.1,
    "adam_beta1": 0.9,
    "adam_beta2": 0.95
  },
  "train_ppls": [
    6229.5376457910115,
    847.0304111288306,
    503.5030526046925,
    368.12072434086,
    262.4733322705102,
    205.66230259536508,
    161.29201826108525,
    121.38970790414106,
    100.67277753007343,
    85.5063221233068,
    73.17951048158945,
    66.2568488561703,
    64.33568600656295,
    60.397408569977685,
    56.7801559647237,
    53.12299267579805,
    50.21545233643746,
    48.951853964148654,
    46.693492471779614,
    47.33809620587128,
    46.18264410443339,
    43.188822280666784,
    42.58872982847045,
    39.1286741476334,
    42.914665121201644,
    41.55371638990345,
    40.10453350828132,
    39.37301101658647,
    37.22729552960225,
    39.27379851875664,
    38.885261428741,
    39.24347611270968,
    38.093266722183984,
    36.17284455711757,
    35.73719093302167,
    35.94489072351224,
    36.63549240269731,
    34.126013512404924,
    35.5745185418268,
    34.44568556890821,
    35.48317994978619,
    33.88688136630739,
    34.948484766154436,
    33.03885384651604,
    33.93131506177355,
    32.97227370872744,
    33.52721356521156,
    32.10496974918068,
    32.26482552057992,
    30.523199184866765,
    31.730925177080632,
    31.851401555281072,
    31.427429036098477,
    31.559930724315628,
    31.650670624861068,
    32.437201436702594,
    29.975055325085638,
    30.085544449469317,
    31.85917319329871,
    31.973529130297877,
    29.978640586730656,
    29.07607006501126,
    28.92344033160037,
    30.372238558222328,
    31.014241568389096,
    29.070751876921122,
    30.822541487947927,
    31.13313385196967,
    30.061971806792858,
    29.700335881225,
    29.62868136120152,
    28.726164984057394,
    30.525995695814874,
    28.378185350240226,
    27.70300767740577,
    29.56173881098461,
    30.15966446611163,
    29.68372564652414,
    28.88137273093855,
    29.109092528855914,
    29.072125258452637,
    29.315416771942147,
    29.54296271166583,
    29.299354213159752,
    27.875063338368566
  ],
  "eval_ppls": [
    1472.154066659086,
    649.8950342237495,
    451.07089097773274,
    333.34503005973323,
    246.73587295802335,
    189.4276798403914,
    148.40346407871533,
    115.04887482906564,
    94.9069730539643,
    84.691800827922,
    70.1967038850021,
    65.13866935183866,
    59.918939853484254,
    56.5777723549028,
    54.547042354210696,
    52.85973694009385,
    49.987458749173435,
    48.97569288179506,
    48.05817579975216,
    46.023892151480915,
    45.057690721112444,
    44.10106814202241,
    42.78334611209145,
    42.21878608860783,
    41.25059320002484,
    41.603784526076254,
    40.318431141419744,
    39.20697290709184,
    39.05530593999468,
    35.923567212233074,
    35.77258737164466,
    35.446403970398016,
    35.60225150947295,
    35.16549230325639,
    35.09020109816481,
    34.81603007958074,
    34.62521107110063,
    34.65011444998632,
    34.72553884802664,
    34.30438461293757,
    33.5837828468323,
    33.45383312122102,
    33.26598383746207,
    32.97535647297507,
    30.681836570761956,
    30.95040522006656,
    31.092460538061566,
    28.95130062104549,
    29.501074781695404,
    29.7588030511579,
    30.23900098880491,
    29.924593066063835,
    29.826504909458027,
    29.836151278385838,
    29.731509762199043,
    29.674418827001542,
    29.657431723876407,
    29.510249032753872,
    29.4671872628188,
    29.263937460863065,
    29.215734776342504,
    29.18164227757427,
    29.306001498205017,
    27.74151788425657,
    27.983189918866003,
    28.01908767516892,
    28.172661775005132,
    28.06962076938233,
    27.985044716375068,
    28.098784783296036,
    27.960724801578348,
    28.016057858900798,
    27.896702147843424,
    27.838559116914126,
    27.923929795034052,
    27.830766203832354,
    27.833200543807244,
    27.89500712101477,
    27.909088280061642,
    27.057994919545813,
    27.206016741883047,
    27.267072322576137,
    27.210266605421168,
    27.19320815212681,
    27.37830834946309
  ],
  "tokens_per_sec": [
    139792.42881559767,
    136420.36952970098,
    134189.01956929005,
    133734.24359484203,
    132789.94743859099,
    133992.74011705598,
    129431.63768938392,
    133619.21405393703,
    134101.95153468347,
    133956.94914001762,
    132893.70846691617,
    134131.38691897554,
    133437.24993596133,
    134122.4293083605,
    134065.7267762192,
    133918.55281889084,
    134041.39291678055,
    134045.1510181221,
    134198.4958541764,
    134283.59018341653,
    134530.11524884496,
    133950.95823802278,
    132964.8468241072,
    134001.23479668068,
    134030.5411559192,
    133821.97391022125,
    134415.07365447484,
    134044.24411347718,
    133377.5689521466,
    133804.99984780658,
    134174.42637680063,
    133825.6911596218,
    133843.2913886739,
    135275.05970936097,
    133581.77481568058,
    134174.7629569203,
    133813.54836227497,
    133704.2007868178,
    135449.52804133107,
    134861.73058000093,
    107309.52839813808,
    113080.16032392993,
    133102.66142959945,
    128724.5811852884,
    134012.8793881965,
    134328.60408390808,
    134252.134359178,
    135643.64336531362,
    134206.6308862145,
    135322.60244692757,
    135216.01304196904,
    135287.14127213447,
    135335.75135549254,
    135331.6713390656,
    135227.28496183222,
    135432.44808336964,
    134449.96860649678,
    124579.0976664501,
    135358.7714191819,
    135065.90586028795,
    135586.02691016407,
    135413.40851962953,
    134677.7935030495,
    135330.75621099348,
    134145.16695014472,
    135330.4596233165,
    134750.68213797783,
    135512.05886843515,
    135137.99605591083,
    135116.4704184137,
    135202.37143627228,
    135157.8388422113,
    133222.7412250843,
    135379.59784899888,
    132600.70785337628,
    134866.88776348004,
    135421.5147438955,
    135178.7856414723,
    134331.5575403086,
    134545.06368982125,
    132991.0031383303,
    134296.55809067845,
    135143.7258162815,
    134367.57313715655,
    134507.08860497596
  ],
  "peak_memory_gb": 65.19292688369751,
  "best_eval_ppl": 27.057994919545813,
  "best_epoch": 79
}