{
  "config": {
    "model": "baseline",
    "bs": 32,
    "hidden_size": 384,
    "num_heads": 6,
    "num_blocks": 6,
    "dropout": 0.1,
    "seq_length": 512,
    "tokens_per_epoch": 2000000,
    "num_epochs": 20,
    "peak_lr": 0.0003,
    "accumulation_steps": 4,
    "weight_decay": 0.01,
    "grad_clip": 1.0,
    "warmup_fraction": 0.05,
    "min_lr_fraction": 0.1
  },
  "train_ppls": [
    21956.13908224236,
    2775.3854571142024,
    2225.494560097698,
    2093.619893297403,
    2249.4728864779386,
    2162.3263872379534,
    2219.043126527717,
    2176.827323620783,
    2255.4948829177993,
    2135.1406240928586,
    2013.3086706678775,
    2046.7409526195179,
    2024.8613522801406,
    1811.2553023427893,
    1786.8497414560093,
    1766.9601873759182,
    1689.3476577087624,
    1561.8451150947149,
    1636.7412516235127,
    1513.5292259327698
  ],
  "eval_ppls": [
    6047.853067989337,
    2357.64277765546,
    2257.812978785874,
    2242.902016999288,
    2213.958871684475,
    2243.8119173833006,
    2201.575809691495,
    2186.4037397720576,
    2197.6358264541523,
    2219.8601206438166,
    2244.402027296435,
    2116.4829660499904,
    1935.7884994493907,
    1862.7018947949898,
    1793.3003288059335,
    1751.9799408665801,
    1716.6109950114233,
    1692.1086117049563,
    1658.072972467354,
    1628.306264055394
  ],
  "tokens_per_sec": [
    149522.10702162897,
    137144.3426929485,
    140969.4169713449,
    139115.66209376985,
    140153.05881254523,
    138035.8612680164,
    148655.60100537416,
    137351.65186141033,
    131256.0428949437,
    153142.9970872279,
    151969.69258037832,
    149636.6192892535,
    137173.18155710344,
    137866.7902840324,
    145348.26769663274,
    137266.40959513892,
    138253.1056129555,
    140562.5482449231,
    137318.11803036666,
    138398.67340061982
  ],
  "peak_memory_gb": 11.436892032623291,
  "best_eval_ppl": 1628.306264055394,
  "best_epoch": 19
}