{
  "config": {
    "model": "norm_pre_rms",
    "bs": 8,
    "hidden_size": 768,
    "num_heads": 12,
    "num_blocks": 12,
    "dropout": 0.1,
    "seq_length": 1024,
    "tokens_per_epoch": 50000000,
    "num_epochs": 85,
    "peak_lr": 0.0006,
    "accumulation_steps": 8,
    "weight_decay": 0.1,
    "grad_clip": 1.0,
    "warmup_fraction": 0.075,
    "min_lr_fraction": 0.1,
    "adam_beta1": 0.9,
    "adam_beta2": 0.95
  },
  "train_ppls": [
    3152.4647606465423,
    903.8853607839721,
    504.59664017984807,
    338.0388291292108,
    226.4089602929093,
    178.7091355345727,
    140.66377970546745,
    107.58072332864941,
    94.77014069152142,
    86.72720892730536,
    76.92105980593523,
    72.21889308392005,
    71.62327304420403,
    68.40870375313708,
    65.12036211115038,
    61.912348427672576,
    58.88359422534707,
    57.86652171638163,
    55.84623842902804,
    57.11720078721787,
    55.921096223033345,
    52.71855917341836,
    51.8201939363587,
    47.20916046874817,
    53.44989166148077,
    51.06006699310435,
    49.4497595649428,
    49.647455263652176,
    46.24663239616899,
    49.0319780039769,
    49.19342680767556,
    49.12274938806955,
    48.34331169256815,
    46.16651365714086,
    45.42487674995196,
    45.789085795951785,
    47.19473914707207,
    43.268130554402084,
    45.488576305371105,
    43.51934363848584,
    45.4394808495059,
    44.17314863062727,
    45.28859776933635,
    42.52762997515875,
    43.28744112746958,
    42.39723674964113,
    42.39935089806499,
    40.92511202678102,
    42.28985701782893,
    39.02770374970673,
    40.47983339310195,
    40.362159424558705,
    40.500655432281455,
    40.15314863749162,
    40.23641448135415,
    41.85019100455889,
    37.98608107705013,
    38.03188638269495,
    41.0810017796379,
    40.5677959834212,
    38.3779216652517,
    36.56456776586626,
    36.50427309147929,
    38.57974538686474,
    39.51758895902454,
    36.866713157239396,
    38.10799871134268,
    39.15484029726286,
    37.81124280136966,
    37.06596711472352,
    37.106667920734154,
    35.03333327231038,
    38.156311844892365,
    35.747753727662605,
    33.99746800651233,
    37.1289621049121,
    37.409359353244376,
    36.19636186595871,
    35.60435975493245,
    36.23544073324755,
    34.988882190111326,
    36.157387503848916,
    36.35875963352004,
    37.084517687395724,
    34.628932883701
  ],
  "eval_ppls": [
    1455.6871408796014,
    659.6675924097196,
    422.25519105110146,
    289.67253608922505,
    207.85614431407942,
    152.33223910275285,
    121.86570234559089,
    99.91039492508797,
    88.31483331198461,
    78.98254616527663,
    73.95335145954782,
    68.74138131385493,
    65.00063903583008,
    62.38718426298799,
    59.76134847654175,
    58.91500889236461,
    56.61207963913561,
    55.78861709829755,
    54.03892227698846,
    53.07734498263603,
    51.448069209952216,
    51.14314246632315,
    50.50311896824775,
    50.40466734540226,
    49.388702734434,
    48.90331031702412,
    48.181414139547385,
    47.3406651046096,
    47.25680586625148,
    42.31607710877325,
    43.14053547486251,
    43.370495433846656,
    43.23127338237713,
    43.271053573392656,
    43.395215360683416,
    42.77070320814516,
    42.67484354896039,
    43.07778578550218,
    43.02775572130382,
    42.86131121982216,
    41.51661783688487,
    41.41524300165758,
    41.267977194025995,
    40.882600034747256,
    37.1348524981848,
    38.28716471106083,
    38.815225580163066,
    35.25594967115712,
    36.23157456794874,
    37.15057538884163,
    37.7711177810895,
    37.521936033297024,
    37.63659717363091,
    37.446758749753954,
    37.429068652083245,
    36.96375969290033,
    37.32137962985735,
    36.94775296153619,
    36.74525295155354,
    36.316533090307516,
    36.43932663868206,
    36.4341039286147,
    36.49408700511253,
    33.17719793595625,
    33.82842818925817,
    34.214167752936575,
    34.443379931603154,
    34.25980384962085,
    34.30317321383187,
    34.377061081435215,
    34.0946304022068,
    34.23107517798251,
    33.994308667978174,
    33.99274419741471,
    34.17306686387743,
    33.949922292801695,
    33.71459995682247,
    33.869129795301234,
    33.84845833758346,
    31.896282663025662,
    32.46714752959558,
    32.629345381580805,
    32.590162833444346,
    32.61125095443453,
    32.96985377833896
  ],
  "tokens_per_sec": [
    102746.10108245796,
    101916.64876870117,
    102003.68221168857,
    101979.86502396021,
    101866.7884096289,
    102070.96737053357,
    101790.03258286303,
    101795.07618914013,
    102050.05360680363,
    101960.6102277692,
    101974.00142744891,
    101910.87633908824,
    101614.62742832648,
    101952.54048581615,
    99713.11069643802,
    98727.5151446855,
    101633.92697282162,
    101831.35782736806,
    101904.15919606133,
    102056.27378441197,
    101448.913657459,
    101519.97848749087,
    102069.02876137606,
    101912.4308876244,
    101915.17557130428,
    102045.51659364882,
    101864.73156505961,
    101837.65646774773,
    101454.91429581019,
    102071.2150925301,
    102197.68916803718,
    102704.1439457121,
    102695.85690532917,
    102669.08637183391,
    102399.96644517628,
    102670.24595265655,
    102957.29959174579,
    102800.79583277143,
    102625.76594017944,
    102483.86585732941,
    102721.02691680357,
    101952.31643817983,
    101673.63486093534,
    101951.80281764666,
    102019.51804307787,
    102123.02041348649,
    102745.36995898033,
    102848.07242826122,
    102054.39801606283,
    102610.44087688022,
    102642.38324830827,
    102736.45363716681,
    102861.19063893029,
    102684.82734805108,
    102691.62497480499,
    102728.46736047567,
    102709.580590378,
    102679.50926345206,
    102840.9529718337,
    102560.2840138675,
    102718.35403085526,
    102564.28846369899,
    102597.99473472514,
    102749.65767362484,
    102114.46741528144,
    102758.3203335698,
    102616.4565837769,
    102771.46884535634,
    102719.87766094242,
    102140.69369150531,
    102714.11486269778,
    102622.46365483415,
    102321.17166288459,
    102782.68730374875,
    102635.87450818949,
    102565.78470098754,
    102764.60585164253,
    102582.46925399023,
    102805.91409659451,
    102675.32407704488,
    101950.44161443293,
    102845.59988304986,
    102802.40516702522,
    102520.95230125723,
    102642.62088986175
  ],
  "peak_memory_gb": 10.68539810180664,
  "best_eval_ppl": 31.896282663025662,
  "best_epoch": 79
}