{
  "config": {
    "model": "norm_post_ln",
    "bs": 64,
    "hidden_size": 768,
    "num_heads": 12,
    "num_blocks": 12,
    "dropout": 0.1,
    "seq_length": 1024,
    "tokens_per_epoch": 50000000,
    "num_epochs": 85,
    "peak_lr": 0.0006,
    "accumulation_steps": 8,
    "weight_decay": 0.1,
    "grad_clip": 1.0,
    "warmup_fraction": 0.075,
    "min_lr_fraction": 0.1,
    "adam_beta1": 0.9,
    "adam_beta2": 0.95
  },
  "train_ppls": [
    7917.482238471809,
    2112.5100593523052,
    2064.3887393945756,
    1358.939567628338,
    942.4648800251556,
    766.8006086300975,
    645.856191454976,
    523.5699614804616,
    448.35804577703504,
    398.6507493259504,
    333.54977345948816,
    285.9136458746342,
    259.40956300560055,
    226.04191777844716,
    193.59421952064716,
    170.30348379587295,
    146.77952378789217,
    129.84985219380204,
    117.25964768761361,
    111.70836438827506,
    102.94876151453606,
    95.26770168570707,
    87.77634574490658,
    79.40711065900648,
    82.47014828751045,
    76.29683617307482,
    71.38973919264308,
    70.49046679241367,
    64.07979683296234,
    64.93923947170201,
    63.78907264048395,
    62.45135460806886,
    60.31233663629709,
    57.12227415461419,
    55.79473040157725,
    54.42187757491465,
    55.22482294648127,
    51.8272910635974,
    51.80941419546741,
    49.48686582747464,
    50.8715341781055,
    49.038276036229576,
    49.910843066046134,
    46.641494280735294,
    47.07699680475026,
    45.81274901010078,
    45.77010659919962,
    44.286076010221166,
    44.799334273385256,
    42.72686807159055,
    42.71908632546918,
    42.80366463285402,
    42.43757269700893,
    42.27079361406985,
    42.11560089104534,
    43.63077047252995,
    39.860854960290034,
    40.150770832327865,
    42.54248429610591,
    42.12332087775241,
    39.80564553181847,
    38.68263029393532,
    38.1574106048968,
    39.8810236399124,
    41.09542139705059,
    38.473269730082166,
    39.8293735830882,
    40.72983237237817,
    39.83373923211784,
    38.66115440024504,
    38.66706821731793,
    37.70059270884294,
    39.71301624725935,
    37.32816981269493,
    36.590599351187414,
    39.00182093810547,
    39.301128941439444,
    38.19526158927049,
    37.46376997497447,
    37.79888202830522,
    37.49602139593199,
    37.77684073109272,
    38.487889259851165,
    38.38730593076537,
    36.134970904279974
  ],
  "eval_ppls": [
    2263.475289782077,
    2246.5161247817396,
    1770.7450632829587,
    1203.2485674063232,
    886.3933425409397,
    772.3961059153032,
    635.9709283759333,
    519.6452899209014,
    459.1807787815946,
    380.2609848241129,
    330.03674901762315,
    282.39790480788423,
    236.1831859559051,
    218.78062018493674,
    181.78878756940475,
    155.2287451588443,
    142.08075000033773,
    127.53358583302172,
    116.75712667982023,
    106.30509040780495,
    96.25630618772017,
    91.73041512272432,
    89.29928627383032,
    81.21809365627132,
    80.32966534186029,
    73.74924013398804,
    71.38386932023377,
    67.38581750739093,
    65.55358289024349,
    60.4258501831694,
    58.86951858761002,
    57.29460499281439,
    55.90949916228763,
    54.758483699296036,
    53.23329615422789,
    52.224666839810595,
    51.22165909388259,
    50.72204563352939,
    51.87013230140807,
    49.59824547387931,
    48.22086224343439,
    47.29600335378664,
    46.66888935236985,
    45.87774551868195,
    43.35785671643611,
    43.292242290029314,
    43.1189441131177,
    40.88310351235006,
    41.08058282813802,
    40.97095820867465,
    41.27888106483727,
    40.80090241212501,
    40.64492315331748,
    40.271377169720914,
    40.02499823140509,
    39.62054868111417,
    39.63359208490057,
    39.245722113646,
    39.16104134184868,
    38.72124512383043,
    38.79261906229217,
    38.57506744562953,
    38.578067102274154,
    36.94307326949881,
    37.063473172911394,
    37.02657972054726,
    37.067895534153706,
    36.82202603115958,
    36.85042342333666,
    36.88391639568893,
    36.72576807470013,
    36.628106219308684,
    36.44913159445047,
    36.45380471188172,
    36.58233742980904,
    36.39659160664721,
    36.30822695550827,
    36.349797256480365,
    36.27762409492162,
    35.48801010388242,
    35.612294511528155,
    35.60718836855748,
    35.45722058986035,
    35.49952014003637,
    35.668376799981985
  ],
  "tokens_per_sec": [
    102658.15525367743,
    102136.74377702441,
    102210.42857374033,
    102197.97394471303,
    102243.48675564464,
    102118.17512828684,
    101997.58830465091,
    101921.05039554539,
    102023.90657557429,
    102172.75920106223,
    101999.27201059091,
    97693.74099544615,
    101221.47099573212,
    102221.5435042611,
    101041.36618858196,
    100786.81837447463,
    101928.72769689311,
    101991.81570837737,
    102204.04618210756,
    102140.10818666145,
    102219.89196175351,
    102290.09389577394,
    102076.72725155776,
    102101.85091452273,
    102100.80808287919,
    101406.26926891814,
    100648.84109883806,
    100407.18358169256,
    100992.31010734373,
    101228.69023281556,
    101913.05808509578,
    101971.55759075546,
    101898.55813286491,
    102172.8933697162,
    101956.83671409599,
    102217.0725997976,
    101869.96428393332,
    101764.92243288946,
    102088.89907576375,
    102542.62775044679,
    100824.53808109796,
    102025.6145077542,
    100408.83429902383,
    102141.50925097316,
    102146.28627812924,
    102000.84992070205,
    101741.38330716333,
    101960.33951951617,
    102032.21166443086,
    99415.55941544438,
    102564.3673183064,
    102860.28281335683,
    101834.00671093591,
    101986.27422742237,
    101892.4394628491,
    101940.98406636948,
    102002.90469938131,
    102466.37651436465,
    101205.86339399908,
    101917.07778791981,
    101978.27481278748,
    102162.90559636298,
    101863.45204498133,
    102734.27854512517,
    101971.97921562458,
    101868.95779260619,
    102577.74446588906,
    102885.13808832073,
    102028.20335057612,
    101705.2735089352,
    102285.14292101371,
    102159.42453510921,
    101785.10678366956,
    101917.39249066258,
    102799.2631657296,
    100315.98517658452,
    100005.28909470164,
    97530.73829582089,
    102825.2903771515,
    98317.58123137664,
    101749.18901285845,
    102780.25995243796,
    102809.57074577863,
    101102.651988465,
    102214.01501648019
  ],
  "peak_memory_gb": 65.1853518486023,
  "best_eval_ppl": 35.45722058986035,
  "best_epoch": 82
}