{
  "config": {
    "model": "pe_learned",
    "bs": 64,
    "hidden_size": 768,
    "num_heads": 12,
    "num_blocks": 12,
    "dropout": 0.1,
    "seq_length": 1024,
    "tokens_per_epoch": 50000000,
    "num_epochs": 85,
    "peak_lr": 0.0006,
    "accumulation_steps": 8,
    "weight_decay": 0.1,
    "grad_clip": 1.0,
    "warmup_fraction": 0.075,
    "min_lr_fraction": 0.1,
    "adam_beta1": 0.9,
    "adam_beta2": 0.95
  },
  "train_ppls": [
    6330.8363787364415,
    901.6650466467132,
    560.1585135647689,
    456.58416028581644,
    387.7941211125536,
    371.50204463523204,
    348.7362566250017,
    322.4149099081454,
    317.7472806441829,
    314.4624552196293,
    300.763831335325,
    298.25596894826236,
    302.2500255968171,
    302.8199727440759,
    296.3853048661254,
    290.30325788065835,
    286.40973610505165,
    285.19687607416824,
    281.6138923191852,
    289.22181228182774,
    287.7095199329736,
    280.6039008317433,
    278.16860714877225,
    267.94133288329476,
    283.0372291389378,
    279.7640092729955,
    272.8679894183075,
    275.39013648598194,
    265.4561973481728,
    276.64696495576413,
    278.42892098484793,
    280.086865497459,
    276.0985696494001,
    271.7943821271235,
    269.06921177019757,
    270.12944920067775,
    275.87187241337864,
    266.2830589195293,
    271.1902176102438,
    267.0084537127476,
    273.98396629168843,
    267.1283922687229,
    271.47002927863747,
    264.39611570303583,
    267.6045358241878,
    264.7680780137453,
    266.3239312436347,
    262.0470232723392,
    264.3871513725385,
    256.63967933872186,
    261.8137025992397,
    261.91527823302533,
    261.3533586714901,
    262.7471000943721,
    259.40561693462644,
    267.19772313158,
    256.64306684526366,
    258.3169779075942,
    267.3902432905342,
    267.07484490961275,
    257.79820560888857,
    254.9855174144857,
    253.98138350481065,
    260.0178992593535,
    263.78514808239817,
    254.76686724256086,
    260.93731738703235,
    265.61635609890357,
    260.32528997034575,
    254.8382951407357,
    258.34617756048704,
    253.93415539276475,
    263.69244876160315,
    253.1259444918428,
    249.22038215181902,
    259.57667669783524,
    262.815566015623,
    257.70772278172353,
    252.36026385297765,
    256.6161091970979,
    254.91592450593802,
    256.982898115963,
    260.4387344038782,
    258.31129558758204,
    252.10965039141723
  ],
  "eval_ppls": [
    1499.0701157755623,
    685.3006887445703,
    521.2573689608786,
    443.11649203770116,
    397.40170214322853,
    362.987219891695,
    351.84511327547006,
    333.4240836413088,
    324.8402223105564,
    313.4721437441974,
    312.9380120656847,
    305.27593286808263,
    304.7308560942651,
    299.30849664181557,
    297.6105626008028,
    298.70781489028604,
    294.81035756839964,
    296.7803831933789,
    291.43798393734943,
    290.78011632668773,
    288.9403276695976,
    288.88350988550457,
    291.75357338431246,
    292.42577434928614,
    288.6705476006341,
    288.72386195402703,
    288.9835536678307,
    286.0474866254916,
    288.37811337515524,
    276.6914178358198,
    274.74783637017765,
    276.96245434046654,
    275.6403754138908,
    275.9606445056985,
    276.50499749303106,
    275.6591525639008,
    276.3615654032562,
    277.7988055663163,
    279.8794624253569,
    282.5746503844072,
    275.6157980574639,
    273.85195668273013,
    276.16233022861644,
    273.6492180400538,
    269.20613214832565,
    271.281023956486,
    271.0531744068105,
    265.742711622893,
    263.12450943221967,
    265.8095355595603,
    270.8053896364665,
    268.2407466088581,
    269.1910952341019,
    269.68659978477274,
    269.0670910639666,
    267.9199646990836,
    270.82394810847154,
    269.8864761785592,
    266.7758207957138,
    265.7795161179985,
    268.3137001510996,
    269.5769842876801,
    268.64666529213275,
    263.215148454092,
    262.30925018977723,
    264.53330677368047,
    264.19079018392426,
    262.7234447313335,
    263.58541436792797,
    264.655239500002,
    263.265985221879,
    263.8351655875085,
    262.20547319029134,
    264.2395293890582,
    265.15093800135804,
    263.68273226975003,
    263.0620877728364,
    264.4726227070892,
    264.52680166923625,
    260.8591606983027,
    262.26940668491994,
    261.1573630829959,
    261.1262859182869,
    260.61829814768555,
    261.7667198798212
  ],
  "tokens_per_sec": [
    127647.84107401196,
    125501.85175933568,
    125906.3041475751,
    126581.54151893687,
    127605.20045461129,
    126423.44601485759,
    127490.68228330083,
    125080.18202596821,
    126788.71697029297,
    126315.36514508413,
    125311.70119985144,
    127637.99926345116,
    127751.29575292867,
    126573.41634717968,
    126213.02643727594,
    125538.62623745212,
    126801.5594198474,
    127234.03004200921,
    127484.65374174445,
    127733.68949306117,
    126263.47556918286,
    126943.75838403779,
    126950.52993294189,
    125608.89734744959,
    128382.98634925533,
    126682.88218029728,
    127980.77904150041,
    128455.65409925814,
    127293.1812608639,
    128825.20697962967,
    127693.72140415113,
    126067.83547744418,
    128872.86424446345,
    129241.14793957409,
    128119.84451991066,
    128643.76591552253,
    127467.18853785288,
    127730.97105246785,
    128800.74126259002,
    128653.87771346675,
    128687.51185697597,
    128701.81728488681,
    127566.83742455019,
    128657.29386931779,
    128059.08034558705,
    128233.56293595552,
    128752.92188420921,
    127326.3608713394,
    126674.3756541516,
    124126.66209360097,
    127647.38685106448,
    127795.36527518913,
    128033.70440889917,
    128496.13983397685,
    127187.52341426713,
    127024.35789353041,
    127973.68220015758,
    128626.71242139422,
    128921.6081057923,
    128399.07128458667,
    126996.36464778804,
    128956.72566963459,
    128498.01472741344,
    126659.72371002485,
    128725.72037093385,
    126833.20352098168,
    127311.76642260337,
    127652.07276068315,
    127786.67751136603,
    128338.83608495157,
    128893.97096953599,
    128271.14388371479,
    127281.22379314824,
    126790.07281290137,
    128670.68175833825,
    126030.242190432,
    128371.87406461178,
    128650.64435066373,
    128549.06234293627,
    128817.40441371354,
    126972.34704822609,
    128402.1995254578,
    129039.09363956568,
    128674.02110313272,
    127509.27486588106
  ],
  "peak_memory_gb": 65.19413614273071,
  "best_eval_ppl": 260.61829814768555,
  "best_epoch": 83
}